Symbol,Volatility,Risk
ALKEM.NS,0.015676029465876,Medium
ABBOTINDIA.NS,0.0158706939149058,Medium
ACC.NS,0.016041853422093,Medium
ACCELYA.NS,0.0168757061276204,Medium
21STCENMGM.NS,0.0173278826579407,Medium
3MINDIA.NS,0.0175179929087026,Medium
ABFRL.NS,0.0198691566297719,Medium
ABCAPITAL.NS,0.0210877173572746,Medium
AARVEEDEN.NS,0.0214964316044699,Medium
AETHER.NS,0.0223786469384902,Medium
ADORWELD.NS,0.0225437028260778,Medium
AGARWALEYE.NS,0.0229806815680915,Medium
ALKYLAMINE.NS,0.0230267982269233,Medium
AHLUCONT.NS,0.0231743777511902,Medium
AADHARHFC.NS,0.0231793951444039,Medium
AARVI.NS,0.0232173427074122,Medium
AARTIDRUGS.NS,0.0232658619993689,Medium
AJAXENGG.NS,0.0232722208722399,Medium
ADVANIHOTR.NS,0.0233927424473187,Medium
AARTIIND.NS,0.0236221683167761,Medium
ADANIPORTS.NS,0.0236673876571543,Medium
AARTISURF.NS,0.0237650302520333,Medium
AKSHARCHEM.NS,0.0242543922584925,Medium
AFFLE.NS,0.0245475919588903,Medium
AJANTPHARM.NS,0.0246769270377751,Medium
ABB.NS,0.0247146830791594,Medium
ALICON.NS,0.0249848270775878,Medium
ALLCARGO.NS,0.0250913428767396,Medium
ABDL.NS,0.0253975622059764,Medium
ACL.NS,0.025708609067994,Medium
ABSLAMC.NS,0.0258210831283249,Medium
ADVENZYMES.NS,0.0261706630762364,Medium
ALOKINDS.NS,0.026316677428218,Medium
5PAISA.NS,0.026348305167124,Medium
AKG.NS,0.026487961229796,Medium
ALKALI.NS,0.0267515080246332,Medium
ACLGATI.NS,0.0269541603625942,Medium
AFFORDABLE.NS,0.026987278819605,Medium
AHLEAST.NS,0.0269986746949309,Medium
ALLDIGI.NS,0.0270564867255186,Medium
ABAN.NS,0.0273680380534915,Medium
360ONE.NS,0.0276553918781947,Medium
AFSL.NS,0.0277975230487546,Medium
AGIIL.NS,0.0278884628412555,Medium
AAKASH.NS,0.0283299606127436,Medium
ACI.NS,0.0285092362983827,Medium
ADL.NS,0.0286526687127499,Medium
AGARIND.NS,0.0288053903143014,Medium
ALEMBICLTD.NS,0.029014898144856,Medium
AFCONS.NS,0.0291819421069263,Medium
AKZOINDIA.NS,0.0291949164312864,Medium
AKSHAR.NS,0.0295305948933403,Medium
AAATECH.NS,0.0296058589675701,Medium
ACE.NS,0.0296843987851885,Medium
ALBERTDAVD.NS,0.0297324877655453,Medium
